{
    "SceneCameraData": [
        {
            "forward": {
                "x": -0.6666666865348816,
                "y": -0.3333333432674408,
                "z": 0.6666666865348816
            },
            "pitch": -0.3398369252681732,
            "position": {
                "x": 10.0,
                "y": 5.0,
                "z": -10.0
            },
            "right": {
                "x": 0.7071067690849304,
                "y": -0.0,
                "z": 0.7071067690849304
            },
            "roll": 0.0,
            "up": {
                "x": -0.2357022613286972,
                "y": 0.9428090453147888,
                "z": 0.2357022613286972
            },
            "viewMatrix": [
                [
                    0.7071068286895752,
                    -0.2357022762298584,
                    -0.6666666865348816,
                    0.0
                ],
                [
                    0.0,
                    0.9428091049194336,
                    -0.3333333432674408,
                    0.0
                ],
                [
                    0.7071068286895752,
                    0.2357022762298584,
                    0.6666666865348816,
                    0.0
                ],
                [
                    0.0,
                    0.0,
                    15.000000953674316,
                    1.0
                ]
            ],
            "worldUp": {
                "x": 0.0,
                "y": 1.0,
                "z": 0.0
            },
            "yaw": -0.7853981852531433
        }
    ],
    "gameObjects": [
        {
            "physics": {
                "enabled": false
            },
            "position": {
                "x": 15.0,
                "y": 10.0,
                "z": -15.0
            },
            "rotation": {
                "x": 0.0,
                "y": 0.0,
                "z": 0.0
            },
            "scale": {
                "x": 1.0,
                "y": 1.0,
                "z": 1.0
            },
            "type": "CameraObject"
        }
    ],
    "sceneName": "MyScene"
}
